id,type,domain,enabled,date_added,date_modified,comment
1,1,(\.|^)ngfts\.lge\.com$,1,1591018056,1602353995,https://www.reddit.com/r/YouShouldKnow/comments/gn7fw5/ysk_if_you_own_a_samsung_smart_tv_that_has_ads/
2,1,(\.|^)us\.ad\.lgsmartad\.com$,1,1591018070,1602353995,https://www.reddit.com/r/YouShouldKnow/comments/gn7fw5/ysk_if_you_own_a_samsung_smart_tv_that_has_ads/
3,1,(\.|^)lgad\.cjpowercast\.com$,1,1591018077,1602353995,https://www.reddit.com/r/YouShouldKnow/comments/gn7fw5/ysk_if_you_own_a_samsung_smart_tv_that_has_ads/
4,1,(\.|^)edgesuite\.net$,1,1591018084,1602353995,https://www.reddit.com/r/YouShouldKnow/comments/gn7fw5/ysk_if_you_own_a_samsung_smart_tv_that_has_ads/
5,1,(\.|^)us\.info\.lgsmartad\.com$,1,1591018093,1602353995,https://www.reddit.com/r/YouShouldKnow/comments/gn7fw5/ysk_if_you_own_a_samsung_smart_tv_that_has_ads/
6,1,(\.|^)www\.samsungotn\.net$,1,1591018108,1602353995,https://www.reddit.com/r/YouShouldKnow/comments/gn7fw5/ysk_if_you_own_a_samsung_smart_tv_that_has_ads/
7,1,(\.|^)www\.samsungrm\.net$,1,1591018117,1602353995,https://www.reddit.com/r/YouShouldKnow/comments/gn7fw5/ysk_if_you_own_a_samsung_smart_tv_that_has_ads/
8,1,(\.|^)www\.samsung\.net/ads$,1,1591018125,1602353995,https://www.reddit.com/r/YouShouldKnow/comments/gn7fw5/ysk_if_you_own_a_samsung_smart_tv_that_has_ads/
9,1,(\.|^)tvinteractive\.tv$,1,1591018317,1602353995,https://www.reddit.com/r/pihole/comments/aucpek/very_new_to_pihole_how_can_i_block_my_vizio_smart/
10,0,kinesis.us-west-2.amazonaws.com,1,1602631702,1602631709,"LoftTV - Disney+"
11,1,api.geo.kontagent.net,1,1603816775,1603816775,"Added from Query Log"
12,1,firetvcaptiveportal.com,1,1603817390,1603817390,"Not needed at home"
14,1,api-global.netflix.com,1,1603817772,1603817772,
16,3,(\.|^)alb\.reddit\.com$,1,1605710011,1605710011,
17,1,www.redditstatic.com,0,1605710374,1605742648,
